<?xml version="1.0" encoding="UTF-8"?>
<project-private xmlns="http://www.netbeans.org/ns/project-private/1">
    <editor-bookmarks xmlns="http://www.netbeans.org/ns/editor-bookmarks/2" lastBookmarkId="0"/>
    <open-files xmlns="http://www.netbeans.org/ns/projectui-open-files/2">
        <group>
            <file>file:/C:/600w/12V/Secondary%20source%20code/real%20board/syncwithC/For%20SVN/SecMCU-1.0.X/02_Bsw/McuI2C/i2c1.h</file>
            <file>file:/C:/600w/12V/Secondary%20source%20code/real%20board/syncwithC/For%20SVN/SecMCU-1.0.X/03_Appl/Pmbus/Pmbus.c</file>
            <file>file:/C:/600w/12V/Secondary%20source%20code/real%20board/syncwithC/For%20SVN/SecMCU-1.0.X/03_Appl/StateMachine/PsuState.c</file>
            <file>file:/C:/600w/12V/Secondary%20source%20code/real%20board/syncwithC/For%20SVN/SecMCU-1.0.X/02_Bsw/McuUart1/McuUart1.c</file>
            <file>file:/C:/600w/12V/Secondary%20source%20code/real%20board/syncwithC/For%20SVN/SecMCU-1.0.X/03_Appl/TimerISR/Timer_ISR.c</file>
            <file>file:/C:/600w/12V/Secondary%20source%20code/real%20board/syncwithC/For%20SVN/SecMCU-1.0.X/02_Bsw/McuClock/McuClock.c</file>
            <file>file:/C:/600w/12V/Secondary%20source%20code/real%20board/syncwithC/For%20SVN/SecMCU-1.0.X/03_Appl/DigitalCtrl/Sample.c</file>
            <file>file:/C:/600w/12V/Secondary%20source%20code/real%20board/syncwithC/For%20SVN/SecMCU-1.0.X/02_Bsw/McuPWM/McuPWM.c</file>
            <file>file:/C:/600w/12V/Secondary%20source%20code/real%20board/syncwithC/For%20SVN/SecMCU-1.0.X/03_Appl/FanCtrl/FanCtrl.c</file>
            <file>file:/C:/600w/12V/Secondary%20source%20code/real%20board/syncwithC/For%20SVN/SecMCU-1.0.X/03_Appl/UartComm/UartComm.c</file>
            <file>file:/C:/600w/12V/Secondary%20source%20code/real%20board/syncwithC/For%20SVN/SecMCU-1.0.X/02_Bsw/Main/Main.c</file>
            <file>file:/C:/600w/12V/Secondary%20source%20code/real%20board/syncwithC/For%20SVN/SecMCU-1.0.X/02_Bsw/McuUart2/McuUart2.c</file>
            <file>file:/C:/600w/12V/Secondary%20source%20code/real%20board/syncwithC/For%20SVN/SecMCU-1.0.X/02_Bsw/McuTimer/McuTimer.c</file>
            <file>file:/C:/600w/12V/Secondary%20source%20code/real%20board/syncwithC/For%20SVN/SecMCU-1.0.X/02_Bsw/McuI2C/i2c1.c</file>
            <file>file:/C:/600w/12V/Secondary%20source%20code/real%20board/syncwithC/For%20SVN/SecMCU-1.0.X/03_Appl/Protections/Protection.c</file>
            <file>file:/C:/600w/12V/Secondary%20source%20code/real%20board/syncwithC/For%20SVN/SecMCU-1.0.X/02_Bsw/RealtimeVar/Define.h</file>
        </group>
    </open-files>
</project-private>
