<?xml version="1.0" encoding="UTF-8"?>
<project xmlns="http://www.netbeans.org/ns/project/1">
    <type>com.microchip.mplab.nbide.embedded.makeproject</type>
    <configuration>
        <data xmlns="http://www.netbeans.org/ns/make-project/1">
            <name>Nanyang_AC_Sec_3000W</name>
            <creation-uuid>45aafb86-00c8-4932-b99a-5d4bfae8cd06</creation-uuid>
            <make-project-type>0</make-project-type>
            <c-extensions>c</c-extensions>
            <cpp-extensions/>
            <header-extensions>h</header-extensions>
            <asminc-extensions/>
            <sourceEncoding>ISO-8859-1</sourceEncoding>
            <make-dep-projects/>
            <sourceRootList>
                <sourceRootElem>02_Bsw/Main</sourceRootElem>
                <sourceRootElem>02_Bsw/McuClock</sourceRootElem>
                <sourceRootElem>02_Bsw/McuAdc</sourceRootElem>
                <sourceRootElem>02_Bsw/McuPwm</sourceRootElem>
                <sourceRootElem>02_Bsw/McuGPIO</sourceRootElem>
                <sourceRootElem>02_Bsw/McuTimer</sourceRootElem>
                <sourceRootElem>02_Bsw/McuUart1</sourceRootElem>
                <sourceRootElem>02_Bsw/Common</sourceRootElem>
                <sourceRootElem>02_Bsw/Rte</sourceRootElem>
                <sourceRootElem>03_Appl/DigitalCtrl</sourceRootElem>
                <sourceRootElem>02_Bsw/Timer_ISR</sourceRootElem>
                <sourceRootElem>03_Appl/UartComm</sourceRootElem>
                <sourceRootElem>03_Appl/Timer_ISR</sourceRootElem>
                <sourceRootElem>02_Bsw/Crc</sourceRootElem>
                <sourceRootElem>03_Appl/Dig_InOut</sourceRootElem>
                <sourceRootElem>03_Appl/MonitorCtrl</sourceRootElem>
                <sourceRootElem>03_Appl/Protections</sourceRootElem>
                <sourceRootElem>03_Appl/StateMachine</sourceRootElem>
                <sourceRootElem>02_Bsw/Rtv</sourceRootElem>
                <sourceRootElem>02_Drv/Clock</sourceRootElem>
            </sourceRootList>
            <confList>
                <confElem>
                    <name>default</name>
                    <type>2</type>
                </confElem>
            </confList>
            <formatting>
                <project-formatting-style>false</project-formatting-style>
            </formatting>
        </data>
    </configuration>
</project>
