<?xml version="1.0" encoding="UTF-8"?>
<project-private xmlns="http://www.netbeans.org/ns/project-private/1">
    <editor-bookmarks xmlns="http://www.netbeans.org/ns/editor-bookmarks/2" lastBookmarkId="1"/>
    <open-files xmlns="http://www.netbeans.org/ns/projectui-open-files/2">
        <group>
            <file>file:/C:/600w/12V/PFC%20source%20code/for%20SVN/PriMCU-1.1.X/02_Bsw/McuUart1/uart1.c</file>
            <file>file:/C:/600w/12V/PFC%20source%20code/for%20SVN/PriMCU-1.1.X/03_Appl/TaskManager/Task_manager.h</file>
            <file>file:/C:/600w/12V/PFC%20source%20code/for%20SVN/PriMCU-1.1.X/03_Appl/TaskManager/Task_manager.c</file>
            <file>file:/C:/600w/12V/PFC%20source%20code/for%20SVN/PriMCU-1.1.X/03_Appl/Init/Conf.h</file>
            <file>file:/C:/600w/12V/PFC%20source%20code/for%20SVN/PriMCU-1.1.X/03_Appl/Init/Init_Env.c</file>
        </group>
    </open-files>
</project-private>
