<?xml version="1.0" encoding="UTF-8"?>
<configurationDescriptor version="65">
  <logicalFolder name="root" displayName="root" projectFiles="true">
    <logicalFolder name="HeaderFiles" displayName="02_Bsw" projectFiles="true">
      <logicalFolder name="Common" displayName="Common" projectFiles="true">
        <itemPath>02_Bsw/Common/Global.h</itemPath>
        <itemPath>02_Bsw/Common/Crc.c</itemPath>
        <itemPath>02_Bsw/Common/Crc.h</itemPath>
      </logicalFolder>
      <logicalFolder name="Main" displayName="Main" projectFiles="true">
        <itemPath>02_Bsw/Main/Main.c</itemPath>
        <itemPath>02_Bsw/Main/Main.h</itemPath>
      </logicalFolder>
      <logicalFolder name="McuADC" displayName="McuADC" projectFiles="true">
        <itemPath>02_Bsw/McuADC/McuADC.c</itemPath>
        <itemPath>02_Bsw/McuADC/McuADC.h</itemPath>
      </logicalFolder>
      <logicalFolder name="McuClock" displayName="McuClock" projectFiles="true">
        <itemPath>02_Bsw/McuClock/McuClock.c</itemPath>
        <itemPath>02_Bsw/McuClock/McuClock.h</itemPath>
      </logicalFolder>
      <logicalFolder name="McuDAC" displayName="McuDAC" projectFiles="true">
        <itemPath>02_Bsw/McuDAC/McuDAC.c</itemPath>
        <itemPath>02_Bsw/McuDAC/McuDAC.h</itemPath>
      </logicalFolder>
      <logicalFolder name="McuGPIO" displayName="McuGPIO" projectFiles="true">
        <itemPath>02_Bsw/McuGPIO/McuGPIO.c</itemPath>
        <itemPath>02_Bsw/McuGPIO/McuGPIO.h</itemPath>
      </logicalFolder>
      <logicalFolder name="McuI2C" displayName="McuI2C" projectFiles="true">
        <itemPath>02_Bsw/McuI2C/McuI2C1.c</itemPath>
        <itemPath>02_Bsw/McuI2C/McuI2C1.h</itemPath>
      </logicalFolder>
      <logicalFolder name="McuPWM" displayName="McuPWM" projectFiles="true">
        <itemPath>02_Bsw/McuPWM/McuPWM.c</itemPath>
        <itemPath>02_Bsw/McuPWM/McuPWM.h</itemPath>
      </logicalFolder>
      <logicalFolder name="McuTimer" displayName="McuTimer" projectFiles="true">
        <itemPath>02_Bsw/McuTimer/McuTimer.c</itemPath>
        <itemPath>02_Bsw/McuTimer/McuTimer.h</itemPath>
      </logicalFolder>
      <logicalFolder name="McuUart1" displayName="McuUart1" projectFiles="true">
        <itemPath>02_Bsw/McuUart1/McuUart1.c</itemPath>
        <itemPath>02_Bsw/McuUart1/McuUart1.h</itemPath>
      </logicalFolder>
      <logicalFolder name="RealtimeVar" displayName="RealtimeVar" projectFiles="true">
        <itemPath>02_Bsw/RealtimeVar/Define.h</itemPath>
        <itemPath>02_Bsw/RealtimeVar/Variables.c</itemPath>
      </logicalFolder>
    </logicalFolder>
    <logicalFolder name="SourceFiles" displayName="03_Appl" projectFiles="true">
      <logicalFolder name="Dig_InOut" displayName="Dig_InOut" projectFiles="true">
        <itemPath>03_Appl/Dig_InOut/Dig_InOut.c</itemPath>
        <itemPath>03_Appl/Dig_InOut/Dig_InOut.h</itemPath>
      </logicalFolder>
      <logicalFolder name="DigitalCtrl" displayName="DigitalCtrl" projectFiles="true">
        <itemPath>03_Appl/DigitalCtrl/CurrentShare.c</itemPath>
        <itemPath>03_Appl/DigitalCtrl/CurrentShare.h</itemPath>
      </logicalFolder>
      <logicalFolder name="FanCtrl" displayName="FanCtrl" projectFiles="true">
        <itemPath>03_Appl/FanCtrl/FanCtrl.h</itemPath>
        <itemPath>03_Appl/FanCtrl/FanCtrl.c</itemPath>
      </logicalFolder>
      <logicalFolder name="Pmbus" displayName="Pmbus" projectFiles="true">
        <itemPath>03_Appl/Pmbus/Pmbus.c</itemPath>
        <itemPath>03_Appl/Pmbus/Pmbus.h</itemPath>
      </logicalFolder>
      <logicalFolder name="Protections" displayName="Protections" projectFiles="true">
        <itemPath>03_Appl/Protections/Protection.c</itemPath>
        <itemPath>03_Appl/Protections/Protection.h</itemPath>
      </logicalFolder>
      <logicalFolder name="StateMachine"
                     displayName="StateMachine"
                     projectFiles="true">
        <itemPath>03_Appl/StateMachine/PsuState.c</itemPath>
        <itemPath>03_Appl/StateMachine/PsuState.h</itemPath>
      </logicalFolder>
      <logicalFolder name="TimerISR" displayName="TimerISR" projectFiles="true">
        <itemPath>03_Appl/TimerISR/TimerISR.c</itemPath>
        <itemPath>03_Appl/TimerISR/TimerISR.h</itemPath>
      </logicalFolder>
      <logicalFolder name="UartComm" displayName="UartComm" projectFiles="true">
        <itemPath>03_Appl/UartComm/UartComm.c</itemPath>
        <itemPath>03_Appl/UartComm/UartComm.h</itemPath>
      </logicalFolder>
    </logicalFolder>
    <logicalFolder name="LinkerScript"
                   displayName="Linker Files"
                   projectFiles="true">
    </logicalFolder>
    <logicalFolder name="ExternalFiles"
                   displayName="Important Files"
                   projectFiles="false">
      <itemPath>Makefile</itemPath>
    </logicalFolder>
  </logicalFolder>
  <sourceRootList>
    <Elem>02_Bsw/Main</Elem>
    <Elem>02_Bsw/Common</Elem>
    <Elem>02_Bsw/McuADC</Elem>
    <Elem>02_Bsw/McuClock</Elem>
    <Elem>02_Bsw/McuDAC</Elem>
    <Elem>02_Bsw/McuGPIO</Elem>
    <Elem>02_Bsw/McuI2C</Elem>
    <Elem>02_Bsw/McuPWM</Elem>
    <Elem>02_Bsw/McuTimer</Elem>
    <Elem>02_Bsw/McuUart1</Elem>
    <Elem>02_Bsw/RealtimeVar</Elem>
    <Elem>03_Appl/Dig_InOut</Elem>
    <Elem>03_Appl/DigitalCtrl</Elem>
    <Elem>03_Appl/FanCtrl</Elem>
    <Elem>03_Appl/Pmbus</Elem>
    <Elem>03_Appl/Protections</Elem>
    <Elem>03_Appl/StateMachine</Elem>
    <Elem>03_Appl/TimerISR</Elem>
    <Elem>03_Appl/UartComm</Elem>
  </sourceRootList>
  <projectmakefile>Makefile</projectmakefile>
  <confs>
    <conf name="default" type="2">
      <toolsSet>
        <developmentServer>localhost</developmentServer>
        <targetDevice>dsPIC33EP64GS504</targetDevice>
        <targetHeader></targetHeader>
        <targetPluginBoard></targetPluginBoard>
        <platformTool>pk4hybrid</platformTool>
        <languageToolchain>XC16</languageToolchain>
        <languageToolchainVersion>1.35</languageToolchainVersion>
        <platform>3</platform>
      </toolsSet>
      <packs>
        <pack name="dsPIC33E-GS_DFP" vendor="Microchip" version="1.2.60"/>
      </packs>
      <ScriptingSettings>
      </ScriptingSettings>
      <compileType>
        <linkerTool>
          <linkerLibItems>
          </linkerLibItems>
        </linkerTool>
        <archiverTool>
        </archiverTool>
        <loading>
          <useAlternateLoadableFile>false</useAlternateLoadableFile>
          <parseOnProdLoad>false</parseOnProdLoad>
          <alternateLoadableFile></alternateLoadableFile>
        </loading>
        <subordinates>
        </subordinates>
      </compileType>
      <makeCustomizationType>
        <makeCustomizationPreStepEnabled>false</makeCustomizationPreStepEnabled>
        <makeCustomizationPreStep></makeCustomizationPreStep>
        <makeCustomizationPostStepEnabled>false</makeCustomizationPostStepEnabled>
        <makeCustomizationPostStep></makeCustomizationPostStep>
        <makeCustomizationPutChecksumInUserID>false</makeCustomizationPutChecksumInUserID>
        <makeCustomizationEnableLongLines>false</makeCustomizationEnableLongLines>
        <makeCustomizationNormalizeHexFile>false</makeCustomizationNormalizeHexFile>
      </makeCustomizationType>
      <C30>
        <property key="code-model" value="default"/>
        <property key="const-model" value="default"/>
        <property key="data-model" value="default"/>
        <property key="disable-instruction-scheduling" value="false"/>
        <property key="enable-all-warnings" value="true"/>
        <property key="enable-ansi-std" value="false"/>
        <property key="enable-ansi-warnings" value="false"/>
        <property key="enable-fatal-warnings" value="false"/>
        <property key="enable-large-arrays" value="false"/>
        <property key="enable-omit-frame-pointer" value="false"/>
        <property key="enable-procedural-abstraction" value="false"/>
        <property key="enable-short-double" value="false"/>
        <property key="enable-symbols" value="true"/>
        <property key="enable-unroll-loops" value="false"/>
        <property key="extra-include-directories"
                  value="02_Bsw\Common;02_Bsw\Main;02_Bsw\McuADC;02_Bsw\McuClock;02_Bsw\McuDAC;02_Bsw\McuGPIO;02_Bsw\McuPWM;02_Bsw\McuTimer;02_Bsw\RealtimeVar;03_Appl\Dig_InOut;03_Appl\DigitalCtrl;03_Appl\Protections;03_Appl\StateMachine;03_Appl\TimerISR;02_Bsw\McuI2C;03_Appl\Pmbus;03_Appl\FanCtrl;02_Bsw\McuUart1;03_Appl\UartComm"/>
        <property key="isolate-each-function" value="false"/>
        <property key="keep-inline" value="false"/>
        <property key="oXC16gcc-align-arr" value="false"/>
        <property key="oXC16gcc-cnsts-mauxflash" value="false"/>
        <property key="oXC16gcc-data-sects" value="false"/>
        <property key="oXC16gcc-errata" value=""/>
        <property key="oXC16gcc-fillupper" value=""/>
        <property key="oXC16gcc-large-aggregate" value="false"/>
        <property key="oXC16gcc-mauxflash" value="false"/>
        <property key="oXC16gcc-mpa-lvl" value=""/>
        <property key="oXC16gcc-name-text-sec" value=""/>
        <property key="oXC16gcc-near-chars" value="false"/>
        <property key="oXC16gcc-no-isr-warn" value="false"/>
        <property key="oXC16gcc-sfr-warn" value="false"/>
        <property key="oXC16gcc-smar-io-lvl" value="1"/>
        <property key="oXC16gcc-smart-io-fmt" value=""/>
        <property key="optimization-level" value="s"/>
        <property key="post-instruction-scheduling" value="default"/>
        <property key="pre-instruction-scheduling" value="default"/>
        <property key="preprocessor-macros" value=""/>
        <property key="scalar-model" value="default"/>
        <property key="use-cci" value="false"/>
        <property key="use-iar" value="false"/>
      </C30>
      <C30-AR>
        <property key="additional-options-chop-files" value="false"/>
      </C30-AR>
      <C30-AS>
        <property key="assembler-symbols" value=""/>
        <property key="expand-macros" value="false"/>
        <property key="extra-include-directories-for-assembler" value=""/>
        <property key="extra-include-directories-for-preprocessor" value=""/>
        <property key="false-conditionals" value="false"/>
        <property key="keep-locals" value="false"/>
        <property key="list-assembly" value="false"/>
        <property key="list-section-info" value="false"/>
        <property key="list-source" value="false"/>
        <property key="list-symbols" value="false"/>
        <property key="oXC16asm-extra-opts" value=""/>
        <property key="oXC16asm-list-to-file" value="false"/>
        <property key="omit-debug-dirs" value="false"/>
        <property key="omit-forms" value="false"/>
        <property key="preprocessor-macros" value=""/>
        <property key="relax" value="false"/>
        <property key="warning-level" value="emit-warnings"/>
      </C30-AS>
      <C30-CO>
        <property key="coverage-enable" value=""/>
      </C30-CO>
      <C30-LD>
        <property key="additional-options-use-response-files" value="false"/>
        <property key="boot-eeprom" value="no_eeprom"/>
        <property key="boot-flash" value="no_flash"/>
        <property key="boot-ram" value="no_ram"/>
        <property key="boot-write-protect" value="no_write_protect"/>
        <property key="enable-check-sections" value="false"/>
        <property key="enable-data-init" value="true"/>
        <property key="enable-default-isr" value="true"/>
        <property key="enable-handles" value="true"/>
        <property key="enable-pack-data" value="true"/>
        <property key="extra-lib-directories" value=""/>
        <property key="fill-flash-options-addr" value=""/>
        <property key="fill-flash-options-const" value=""/>
        <property key="fill-flash-options-how" value="0"/>
        <property key="fill-flash-options-inc-const" value="1"/>
        <property key="fill-flash-options-increment" value=""/>
        <property key="fill-flash-options-seq" value=""/>
        <property key="fill-flash-options-what" value="0"/>
        <property key="general-code-protect" value="no_code_protect"/>
        <property key="general-write-protect" value="no_write_protect"/>
        <property key="generate-cross-reference-file" value="false"/>
        <property key="heap-size" value=""/>
        <property key="input-libraries" value=""/>
        <property key="linker-stack" value="true"/>
        <property key="linker-symbols" value=""/>
        <property key="map-file" value="${DISTDIR}/${PROJECTNAME}.${IMAGE_TYPE}.map"/>
        <property key="no-ivt" value="false"/>
        <property key="oXC16ld-extra-opts" value=""/>
        <property key="oXC16ld-fill-upper" value="0"/>
        <property key="oXC16ld-force-link" value="false"/>
        <property key="oXC16ld-no-smart-io" value="false"/>
        <property key="oXC16ld-nostdlib" value="false"/>
        <property key="oXC16ld-stackguard" value="16"/>
        <property key="preprocessor-macros" value=""/>
        <property key="remove-unused-sections" value="false"/>
        <property key="report-memory-usage" value="true"/>
        <property key="secure-eeprom" value="no_eeprom"/>
        <property key="secure-flash" value="no_flash"/>
        <property key="secure-ram" value="no_ram"/>
        <property key="secure-write-protect" value="no_write_protect"/>
        <property key="stack-size" value="16"/>
        <property key="symbol-stripping" value=""/>
        <property key="trace-symbols" value=""/>
        <property key="warn-section-align" value="false"/>
      </C30-LD>
      <C30Global>
        <property key="common-include-directories" value=""/>
        <property key="dual-boot-partition" value="0"/>
        <property key="fast-math" value="false"/>
        <property key="generic-16-bit" value="false"/>
        <property key="legacy-libc" value="true"/>
        <property key="mpreserve-all" value="false"/>
        <property key="oXC16glb-macros" value=""/>
        <property key="omit-pack-options" value="1"/>
        <property key="output-file-format" value="elf"/>
        <property key="preserve-all" value="false"/>
        <property key="preserve-file" value=""/>
        <property key="relaxed-math" value="false"/>
        <property key="save-temps" value="false"/>
      </C30Global>
      <PICkit3PlatformTool>
        <property key="ADC" value="true"/>
        <property key="AutoSelectMemRanges" value="auto"/>
        <property key="Comparator 1" value="true"/>
        <property key="Comparator 2" value="true"/>
        <property key="Comparator 3" value="true"/>
        <property key="Comparator 4" value="true"/>
        <property key="Freeze All Other Peripherals" value="true"/>
        <property key="I2C 1" value="true"/>
        <property key="I2C 2" value="true"/>
        <property key="INPUT CAPTURE 1" value="true"/>
        <property key="INPUT CAPTURE 2" value="true"/>
        <property key="INPUT CAPTURE 3" value="true"/>
        <property key="INPUT CAPTURE 4" value="true"/>
        <property key="OUTPUT COMPARE 1" value="true"/>
        <property key="OUTPUT COMPARE 2" value="true"/>
        <property key="OUTPUT COMPARE 3" value="true"/>
        <property key="OUTPUT COMPARE 4" value="true"/>
        <property key="PWM" value="true"/>
        <property key="SPI 1" value="true"/>
        <property key="SPI 2" value="true"/>
        <property key="SecureSegment.SegmentProgramming" value="FullChipProgramming"/>
        <property key="TIMER1" value="true"/>
        <property key="TIMER2" value="true"/>
        <property key="TIMER3" value="true"/>
        <property key="TIMER4" value="true"/>
        <property key="TIMER5" value="true"/>
        <property key="ToolFirmwareFilePath"
                  value="Press to browse for a specific firmware version"/>
        <property key="ToolFirmwareOption.UseLatestFirmware" value="true"/>
        <property key="UART 1" value="true"/>
        <property key="UART 2" value="true"/>
        <property key="debugoptions.useswbreakpoints" value="false"/>
        <property key="hwtoolclock.frcindebug" value="false"/>
        <property key="memories.aux" value="false"/>
        <property key="memories.bootflash" value="true"/>
        <property key="memories.configurationmemory" value="true"/>
        <property key="memories.configurationmemory2" value="true"/>
        <property key="memories.dataflash" value="true"/>
        <property key="memories.eeprom" value="true"/>
        <property key="memories.flashdata" value="true"/>
        <property key="memories.id" value="true"/>
        <property key="memories.instruction.ram" value="true"/>
        <property key="memories.instruction.ram.ranges"
                  value="${memories.instruction.ram.ranges}"/>
        <property key="memories.programmemory" value="true"/>
        <property key="memories.programmemory.ranges" value="0-af7f"/>
        <property key="poweroptions.powerenable" value="false"/>
        <property key="programmertogo.imagename" value=""/>
        <property key="programoptions.donoteraseauxmem" value="false"/>
        <property key="programoptions.eraseb4program" value="true"/>
        <property key="programoptions.pgmspeed" value="2"/>
        <property key="programoptions.preservedataflash" value="false"/>
        <property key="programoptions.preservedataflash.ranges"
                  value="${programoptions.preservedataflash.ranges}"/>
        <property key="programoptions.preserveeeprom" value="false"/>
        <property key="programoptions.preserveeeprom.ranges" value=""/>
        <property key="programoptions.preserveprogram.ranges" value=""/>
        <property key="programoptions.preserveprogramrange" value="false"/>
        <property key="programoptions.preserveuserid" value="false"/>
        <property key="programoptions.programcalmem" value="false"/>
        <property key="programoptions.programuserotp" value="false"/>
        <property key="programoptions.testmodeentrymethod" value="VDDFirst"/>
        <property key="programoptions.usehighvoltageonmclr" value="false"/>
        <property key="programoptions.uselvpprogramming" value="false"/>
        <property key="voltagevalue" value="3.25"/>
      </PICkit3PlatformTool>
      <pk4hybrid>
        <property key="ADC" value="true"/>
        <property key="AutoSelectMemRanges" value="auto"/>
        <property key="Comparator 1" value="true"/>
        <property key="Comparator 2" value="true"/>
        <property key="Comparator 3" value="true"/>
        <property key="Comparator 4" value="true"/>
        <property key="Freeze All Other Peripherals" value="true"/>
        <property key="I2C 1" value="true"/>
        <property key="I2C 2" value="true"/>
        <property key="INPUT CAPTURE 1" value="true"/>
        <property key="INPUT CAPTURE 2" value="true"/>
        <property key="INPUT CAPTURE 3" value="true"/>
        <property key="INPUT CAPTURE 4" value="true"/>
        <property key="OUTPUT COMPARE 1" value="true"/>
        <property key="OUTPUT COMPARE 2" value="true"/>
        <property key="OUTPUT COMPARE 3" value="true"/>
        <property key="OUTPUT COMPARE 4" value="true"/>
        <property key="PWM" value="true"/>
        <property key="SPI 1" value="true"/>
        <property key="SPI 2" value="true"/>
        <property key="SecureSegment.SegmentProgramming" value="FullChipProgramming"/>
        <property key="TIMER1" value="true"/>
        <property key="TIMER2" value="true"/>
        <property key="TIMER3" value="true"/>
        <property key="TIMER4" value="true"/>
        <property key="TIMER5" value="true"/>
        <property key="ToolFirmwareFilePath"
                  value="Press to browse for a specific firmware version"/>
        <property key="ToolFirmwareOption.UpdateOptions"
                  value="ToolFirmwareOption.UseLatest"/>
        <property key="ToolFirmwareToolPack"
                  value="Press to select which tool pack to use"/>
        <property key="UART 1" value="true"/>
        <property key="UART 2" value="true"/>
        <property key="communication.activationmode" value="nohv"/>
        <property key="communication.interface"
                  value="${communication.interface.default}"/>
        <property key="communication.interface.jtag" value="2wire"/>
        <property key="communication.speed" value="${communication.speed.default}"/>
        <property key="debugoptions.useswbreakpoints" value="false"/>
        <property key="memories.aux" value="false"/>
        <property key="memories.bootflash" value="true"/>
        <property key="memories.configurationmemory" value="true"/>
        <property key="memories.configurationmemory2" value="true"/>
        <property key="memories.dataflash" value="true"/>
        <property key="memories.eeprom" value="true"/>
        <property key="memories.exclude.configurationmemory" value="true"/>
        <property key="memories.flashdata" value="true"/>
        <property key="memories.id" value="true"/>
        <property key="memories.instruction.ram.ranges"
                  value="${memories.instruction.ram.ranges}"/>
        <property key="memories.programmemory" value="true"/>
        <property key="memories.programmemory.ranges" value="0-af7f"/>
        <property key="poweroptions.powerenable" value="true"/>
        <property key="programmerToGoImageName" value="SecMCU_ptg"/>
        <property key="programoptions.donoteraseauxmem" value="false"/>
        <property key="programoptions.eraseb4program" value="true"/>
        <property key="programoptions.ledbrightness" value="5"/>
        <property key="programoptions.pgcconfig" value="pull down"/>
        <property key="programoptions.pgcresistor.value" value="4.7"/>
        <property key="programoptions.pgdconfig" value="pull down"/>
        <property key="programoptions.pgdresistor.value" value="4.7"/>
        <property key="programoptions.pgmentry.voltage" value="low"/>
        <property key="programoptions.pgmspeed" value="Med"/>
        <property key="programoptions.preservedataflash" value="false"/>
        <property key="programoptions.preservedataflash.ranges"
                  value="${memories.dataflash.default}"/>
        <property key="programoptions.preserveeeprom" value="false"/>
        <property key="programoptions.preserveeeprom.ranges" value=""/>
        <property key="programoptions.preserveprogram.ranges" value=""/>
        <property key="programoptions.preserveprogramrange" value="false"/>
        <property key="programoptions.preserveuserid" value="false"/>
        <property key="programoptions.programcalmem" value="false"/>
        <property key="programoptions.programuserotp" value="false"/>
        <property key="programoptions.testmodeentrymethod" value="VDDFirst"/>
        <property key="programoptionsedbg.eraseb4program" value="true"/>
        <property key="ptgProgramImage" value="true"/>
        <property key="ptgSendImage" value="true"/>
        <property key="toolpack.updateoptions"
                  value="toolpack.updateoptions.uselatestoolpack"/>
        <property key="toolpack.updateoptions.packversion"
                  value="Press to select which tool pack to use"/>
        <property key="voltagevalue" value="3.25"/>
      </pk4hybrid>
    </conf>
  </confs>
</configurationDescriptor>
