<?xml version="1.0" encoding="UTF-8"?>
<project xmlns="http://www.netbeans.org/ns/project/1">
    <type>com.microchip.mplab.nbide.embedded.makeproject</type>
    <configuration>
        <data xmlns="http://www.netbeans.org/ns/make-project/1">
            <name>SecMCU</name>
            <creation-uuid>af404731-e8e2-48dc-8e75-e103c814124d</creation-uuid>
            <make-project-type>0</make-project-type>
            <c-extensions>c</c-extensions>
            <cpp-extensions/>
            <header-extensions>h</header-extensions>
            <asminc-extensions/>
            <sourceEncoding>ISO-8859-1</sourceEncoding>
            <make-dep-projects/>
            <sourceRootList>
                <sourceRootElem>02_Bsw/Main</sourceRootElem>
                <sourceRootElem>02_Bsw/Common</sourceRootElem>
                <sourceRootElem>02_Bsw/McuADC</sourceRootElem>
                <sourceRootElem>02_Bsw/McuClock</sourceRootElem>
                <sourceRootElem>02_Bsw/McuDAC</sourceRootElem>
                <sourceRootElem>02_Bsw/McuGPIO</sourceRootElem>
                <sourceRootElem>02_Bsw/McuI2C</sourceRootElem>
                <sourceRootElem>02_Bsw/McuPWM</sourceRootElem>
                <sourceRootElem>02_Bsw/McuTimer</sourceRootElem>
                <sourceRootElem>02_Bsw/McuUart1</sourceRootElem>
                <sourceRootElem>02_Bsw/RealtimeVar</sourceRootElem>
                <sourceRootElem>03_Appl/Dig_InOut</sourceRootElem>
                <sourceRootElem>03_Appl/DigitalCtrl</sourceRootElem>
                <sourceRootElem>03_Appl/FanCtrl</sourceRootElem>
                <sourceRootElem>03_Appl/Pmbus</sourceRootElem>
                <sourceRootElem>03_Appl/Protections</sourceRootElem>
                <sourceRootElem>03_Appl/StateMachine</sourceRootElem>
                <sourceRootElem>03_Appl/TimerISR</sourceRootElem>
                <sourceRootElem>03_Appl/UartComm</sourceRootElem>
            </sourceRootList>
            <confList>
                <confElem>
                    <name>default</name>
                    <type>2</type>
                </confElem>
            </confList>
            <formatting>
                <project-formatting-style>false</project-formatting-style>
            </formatting>
        </data>
    </configuration>
</project>
