<?xml version="1.0" encoding="UTF-8"?>
<project-private xmlns="http://www.netbeans.org/ns/project-private/1">
    <editor-bookmarks xmlns="http://www.netbeans.org/ns/editor-bookmarks/2" lastBookmarkId="1"/>
    <open-files xmlns="http://www.netbeans.org/ns/projectui-open-files/2">
        <group>
            <file>file:/C:/FW%20team/SVN/svn/PS-1601-1LA/PriMCU.X/02_Bsw/McuUart1/uart1.c</file>
            <file>file:/C:/FW%20team/SVN/svn/PS-1601-1LA/PriMCU.X/03_Appl/TaskManager/Task_manager.c</file>
            <file>file:/C:/FW%20team/SVN/svn/PS-1601-1LA/PriMCU.X/03_Appl/TaskManager/Task_manager.h</file>
        </group>
    </open-files>
</project-private>
