<?xml version="1.0" encoding="UTF-8"?>
<project-private xmlns="http://www.netbeans.org/ns/project-private/1">
    <editor-bookmarks xmlns="http://www.netbeans.org/ns/editor-bookmarks/2" lastBookmarkId="0"/>
    <open-files xmlns="http://www.netbeans.org/ns/projectui-open-files/2">
        <group>
            <file>file:/C:/wkp/1/2252/p2252.X/Secondary%20Source%20code/UserData.c</file>
            <file>file:/C:/wkp/1/2252/p2252.X/Secondary%20Source%20code/PowerOnOff.c</file>
        </group>
    </open-files>
</project-private>
